Y_deadcrootc,Y_deadstemc,Y_tlai
"[0.2017698734998703, 0.41409409046173096, 0.5424830317497253, 0.5779730081558228, 0.6699544787406921, 0.6241136193275452, 0.512858510017395, 0.5268126130104065, 1.0246707201004028, 0.18962332606315613, 0.29061949253082275, 1.1686089038848877, 0.34174707531929016, 0.7579233050346375, 0.22758989036083221, 0.6602001786231995]","[1.3893840909004211, 1.3614275455474854, 1.4073510468006134, 1.8326822519302368, 1.5206416249275208, 1.3741994500160217, 1.3941320478916168, 1.354230672121048, 1.3611314296722412, 1.6879992485046387, 1.2439945340156555, 0.17373338341712952, 0.5538151860237122, 0.2921004593372345, 0.29884546995162964, 0.18298417329788208]","[0.4793536365032196, 0.28792116045951843, 0.6176769733428955, 0.617339551448822, 0.4341760277748108, 0.1757688671350479, 0.4182497262954712, 0.5975565910339355, 0.8458552956581116, 0.5144276022911072, 0.2216956913471222, 0.6966724395751953, 0.4295525550842285, 0.2476123571395874, 0.7095453143119812, 0.48028403520584106]"
"[0.209944948554039, 0.4084959626197815, 0.5385074019432068, 0.5777051448822021, 0.6833990216255188, 0.6512473821640015, 0.5178728103637695, 0.5316283106803894, 0.9927209615707397, 0.1985810250043869, 0.2871890068054199, 1.185837984085083, 0.34146448969841003, 0.7827727794647217, 0.24209818243980408, 0.6735822558403015]","[1.4093153476715088, 1.3775651454925537, 1.433832198381424, 1.802078366279602, 1.5364772081375122, 1.3561283349990845, 1.3960444629192352, 1.344868540763855, 1.3666421175003052, 1.717749834060669, 1.2489004880189896, 0.18396636843681335, 0.5456588268280029, 0.29733511805534363, 0.30418360233306885, 0.19613240659236908]","[0.4514692425727844, 0.290373295545578, 0.6378219127655029, 0.6190280914306641, 0.4452940821647644, 0.17766709625720978, 0.40182697772979736, 0.599425733089447, 0.8401538729667664, 0.5081732273101807, 0.21480295062065125, 0.6775691509246826, 0.4139285385608673, 0.2696325182914734, 0.7255780100822449, 0.45271235704421997]"
"[0.21461425721645355, 0.32853928208351135, 0.55091392993927, 0.6311695575714111, 0.6814292073249817, 0.5169852375984192, 0.5241184830665588, 0.4417956471443176, 0.9701305627822876, 0.19822953641414642, 0.27055710554122925, 1.1997840404510498, 0.33280107378959656, 0.7624077200889587, 0.27781662344932556, 0.6551113724708557]","[1.4437170624732971, 1.3308706283569336, 1.4735241532325745, 1.8025497794151306, 1.65784353017807, 1.3895415961742401, 1.3500278294086456, 1.3732858300209045, 1.3986060321331024, 1.8255276679992676, 1.2315964996814728, 0.1749834269285202, 0.5015920400619507, 0.2918531894683838, 0.26120999455451965, 0.24209818243980408]","[0.3868710398674011, 0.23321661353111267, 0.7199402451515198, 0.6788992881774902, 0.5054553747177124, 0.17687387764453888, 0.39017215371131897, 0.5702948570251465, 0.7312615513801575, 0.5569363832473755, 0.22699424624443054, 0.6932899951934814, 0.368594765663147, 0.2609855532646179, 0.6586087942123413, 0.40751445293426514]"
"[0.21880003809928894, 0.3772581219673157, 0.5673294067382812, 0.5705070495605469, 0.6302558779716492, 0.5406453609466553, 0.4926978349685669, 0.4654744863510132, 1.089011311531067, 0.19182772934436798, 0.26986342668533325, 1.1953529119491577, 0.3556896448135376, 0.7316414713859558, 0.22898511588573456, 0.6167774200439453]","[1.395884782075882, 1.3355753123760223, 1.4089874625205994, 1.8978339433670044, 1.6144207119941711, 1.4044189155101776, 1.4071877002716064, 1.388282984495163, 1.3979643881320953, 1.7376756072044373, 1.2371048033237457, 0.17280124127864838, 0.5449404716491699, 0.29808947443962097, 0.2983412742614746, 0.19595855474472046]","[0.4360710382461548, 0.28403496742248535, 0.7566267848014832, 0.6372464895248413, 0.43589848279953003, 0.1743573695421219, 0.4182497262954712, 0.5442228317260742, 0.771166980266571, 0.5699765682220459, 0.252800315618515, 0.7090492248535156, 0.4027973413467407, 0.22858572006225586, 0.6543490290641785, 0.4340040683746338]"
"[0.22739119827747345, 0.354230672121048, 0.5701887011528015, 0.6080566048622131, 0.6143086552619934, 0.5225268602371216, 0.4783318042755127, 0.5003413558006287, 1.1206836700439453, 0.174045130610466, 0.2499784231185913, 1.1485098600387573, 0.2948324382305145, 0.784696102142334, 0.21105720102787018, 0.6453074812889099]","[1.3944502770900726, 1.3284025490283966, 1.4066980183124542, 1.9174945950508118, 1.5821099281311035, 1.4253067374229431, 1.4292116463184357, 1.3890691995620728, 1.4044189155101776, 1.7243348360061646, 1.2467568814754486, 0.1608034074306488, 0.5910480618476868, 0.3077875077724457, 0.3090834319591522, 0.16167595982551575]","[0.43074744939804077, 0.28645849227905273, 0.8139862418174744, 0.6358956694602966, 0.497368723154068, 0.17141160368919373, 0.40182697772979736, 0.5149186849594116, 0.7326236963272095, 0.5830801129341125, 0.27404892444610596, 0.7061007618904114, 0.37925729155540466, 0.2086540162563324, 0.612741231918335, 0.43641626834869385]"
"[0.21292266249656677, 0.37313374876976013, 0.5438131093978882, 0.5902313590049744, 0.6403294205665588, 0.5567278861999512, 0.5033276677131653, 0.4914643168449402, 1.0369205474853516, 0.1950913667678833, 0.2809108793735504, 1.172650933265686, 0.34959542751312256, 0.7333847284317017, 0.2244291603565216, 0.6408202648162842]","[1.372070550918579, 1.3357145190238953, 1.410136103630066, 1.8733070492744446, 1.5926293730735779, 1.4068611860275269, 1.3878118395805359, 1.3643997311592102, 1.3801829516887665, 1.737006962299347, 1.237517386674881, 0.1677558571100235, 0.5443253517150879, 0.3026501536369324, 0.2901272773742676, 0.18644288182258606]","[0.45058292150497437, 0.2728806436061859, 0.7102433443069458, 0.6374766230583191, 0.4280201494693756, 0.1765575110912323, 0.4160846173763275, 0.5729522109031677, 0.8061926364898682, 0.5446328520774841, 0.24084118008613586, 0.7296164631843567, 0.4091513752937317, 0.24125955998897552, 0.6714009642601013, 0.4417956471443176]"
"[0.20920638740062714, 0.4386657476425171, 0.5249156355857849, 0.6131328344345093, 0.6959357857704163, 0.679147481918335, 0.4916539490222931, 0.5704009532928467, 0.9743809700012207, 0.20141328871250153, 0.26756229996681213, 1.1578664779663086, 0.3629111051559448, 0.7985819578170776, 0.24167853593826294, 0.6997453570365906]","[1.4134322702884674, 1.3960444629192352, 1.4343480169773102, 1.8004633784294128, 1.5093414783477783, 1.3311458230018616, 1.4305765628814697, 1.3539395034313202, 1.3675422966480255, 1.6958956718444824, 1.2790032029151917, 0.19981567561626434, 0.6012991666793823, 0.30752888321876526, 0.3394918739795685, 0.18429483473300934]","[0.4573533833026886, 0.3148408830165863, 0.6646053194999695, 0.6008028388023376, 0.4445926249027252, 0.18894970417022705, 0.4101361036300659, 0.5964590311050415, 0.871033787727356, 0.480377197265625, 0.2155592292547226, 0.6592568159103394, 0.43452006578445435, 0.2850022614002228, 0.7214292287826538, 0.4564579725265503]"
"[0.2232540100812912, 0.3702537417411804, 0.5679638981819153, 0.6045049428939819, 0.6551113724708557, 0.5386090874671936, 0.5109022855758667, 0.4589686095714569, 1.0293723344802856, 0.18380233645439148, 0.2738149166107178, 1.23345947265625, 0.38359278440475464, 0.7205826044082642, 0.23896652460098267, 0.6195916533470154]","[1.4179160594940186, 1.3334928452968597, 1.3966835737228394, 1.8648014664649963, 1.5976114869117737, 1.3812651336193085, 1.4070244133472443, 1.3917521834373474, 1.410136103630066, 1.7347813844680786, 1.2342343032360077, 0.1685115247964859, 0.529918909072876, 0.27781662344932556, 0.30546656250953674, 0.2044624537229538]","[0.42446169257164, 0.26527827978134155, 0.7396836876869202, 0.6539387702941895, 0.42547595500946045, 0.174045130610466, 0.42328080534935, 0.5606991052627563, 0.8184128999710083, 0.5581884980201721, 0.2541121542453766, 0.7246336936950684, 0.4091513752937317, 0.22699424624443054, 0.6297423839569092, 0.4521792531013489]"
"[0.2165079116821289, 0.35950642824172974, 0.5537113547325134, 0.6240003108978271, 0.6926490068435669, 0.5399320125579834, 0.529918909072876, 0.4430176019668579, 0.9554912447929382, 0.18878161907196045, 0.28427648544311523, 1.2004666328430176, 0.3760322034358978, 0.7039933800697327, 0.26505082845687866, 0.6106188297271729]","[1.4324590265750885, 1.3437307178974152, 1.4086597263813019, 1.8433492183685303, 1.5978311896324158, 1.3602443039417267, 1.3925442099571228, 1.3826603293418884, 1.389226645231247, 1.747496247291565, 1.2352559268474579, 0.17280124127864838, 0.4924129545688629, 0.26940181851387024, 0.2787655293941498, 0.22014711797237396]","[0.4189177453517914, 0.23648706078529358, 0.7068583965301514, 0.6818666458129883, 0.43935975432395935, 0.18429483473300934, 0.4195865988731384, 0.6022927165031433, 0.8368279337882996, 0.5587108135223389, 0.24357199668884277, 0.7533919215202332, 0.43383219838142395, 0.2541121542453766, 0.6469342112541199, 0.4372803568840027]"
"[0.21536993980407715, 0.3946094512939453, 0.5839975476264954, 0.5982158184051514, 0.6873391270637512, 0.5379993319511414, 0.48702472448349, 0.5190580487251282, 1.0578398704528809, 0.16866303980350494, 0.2671041190624237, 1.185837984085083, 0.33252471685409546, 0.7362115383148193, 0.2140490710735321, 0.613860547542572]","[1.3868710398674011, 1.3135244250297546, 1.359948992729187, 1.874872088432312, 1.5288150906562805, 1.3754204511642456, 1.4268313348293304, 1.3965237438678741, 1.4037696421146393, 1.6937419772148132, 1.2317984700202942, 0.15107697248458862, 0.5198493599891663, 0.26894089579582214, 0.28914499282836914, 0.16595496237277985]","[0.4391861855983734, 0.26188424229621887, 0.6884319186210632, 0.6593452095985413, 0.4402284324169159, 0.16595496237277985, 0.44511860609054565, 0.559233546257019, 0.8694730997085571, 0.5615378022193909, 0.2427288442850113, 0.7207707166671753, 0.4273405075073242, 0.20302239060401917, 0.6375341415405273, 0.46221256256103516]"
"[0.20976009964942932, 0.3322485685348511, 0.5605943202972412, 0.6780423521995544, 0.6802086234092712, 0.4881553053855896, 0.5383040904998779, 0.42564523220062256, 0.9307465553283691, 0.1871083825826645, 0.2835523784160614, 1.1936509609222412, 0.3421713411808014, 0.7141923904418945, 0.2960815131664276, 0.6343461871147156]","[1.457711935043335, 1.310905545949936, 1.4575326442718506, 1.7667137384414673, 1.6491756439208984, 1.4013424813747406, 1.3636547923088074, 1.3778723180294037, 1.3914358019828796, 1.8055847883224487, 1.2332166135311127, 0.16927030682563782, 0.4943144917488098, 0.27404892444610596, 0.24293938279151917, 0.2448415607213974]","[0.40816858410835266, 0.2205333560705185, 0.6901152729988098, 0.7038931250572205, 0.5327365398406982, 0.1821693480014801, 0.40005284547805786, 0.5845376253128052, 0.7547171115875244, 0.5616427063941956, 0.24462959170341492, 0.7492970824241638, 0.40005284547805786, 0.2545507550239563, 0.6144207119941711, 0.4463478922843933]"
"[0.21180161833763123, 0.3771047294139862, 0.5650074481964111, 0.5803342461585999, 0.660760760307312, 0.5178728103637695, 0.520245373249054, 0.4704012870788574, 1.0645453929901123, 0.17295627295970917, 0.2745174169540405, 1.2059334516525269, 0.3617238402366638, 0.7178279757499695, 0.22898511588573456, 0.5970625281333923]","[1.403931885957718, 1.332248568534851, 1.390172153711319, 1.8566291332244873, 1.5913204550743103, 1.3922272324562073, 1.3903299272060394, 1.3862448334693909, 1.3955656588077545, 1.7225434184074402, 1.216507911682129, 0.16022413969039917, 0.5028451085090637, 0.2745174169540405, 0.277343213558197, 0.19700375199317932]","[0.43006429076194763, 0.25520992279052734, 0.682191014289856, 0.6513934135437012, 0.4384923577308655, 0.16625387966632843, 0.4234493374824524, 0.5672236680984497, 0.8009341955184937, 0.5545423030853271, 0.25565019249916077, 0.7339558601379395, 0.42496857047080994, 0.21765126287937164, 0.644582211971283, 0.4658380448818207]"
"[0.2501945197582245, 0.3755733072757721, 0.5581884980201721, 0.5656399726867676, 0.6649461388587952, 0.5551660656929016, 0.4964127242565155, 0.5589199066162109, 1.0848045349121094, 0.17064402997493744, 0.2801941931247711, 1.1173956394195557, 0.2749866843223572, 0.7948277592658997, 0.21105720102787018, 0.6784782409667969]","[1.3611314296722412, 1.3840596973896027, 1.4149225354194641, 1.8549444675445557, 1.504003882408142, 1.4285304248332977, 1.4261532127857208, 1.3545220792293549, 1.3632084131240845, 1.7268067598342896, 1.2618842422962189, 0.1759263426065445, 0.5937764048576355, 0.30520957708358765, 0.3201538920402527, 0.158641055226326]","[0.43520885705947876, 0.2752215266227722, 0.704433023929596, 0.6230375170707703, 0.4769411087036133, 0.17110419273376465, 0.3845270872116089, 0.5575621724128723, 0.7956311702728271, 0.504680871963501, 0.2499784231185913, 0.6897578835487366, 0.38421544432640076, 0.23834450542926788, 0.6926707029342651, 0.45289015769958496]"
"[0.22227893769741058, 0.3803373873233795, 0.5810871124267578, 0.57273930311203, 0.6514226198196411, 0.536781370639801, 0.4842072129249573, 0.5023629069328308, 1.143181324005127, 0.17249155044555664, 0.2571963667869568, 1.165582299232483, 0.3080463409423828, 0.7766258716583252, 0.2140490710735321, 0.6166651248931885]","[1.3957251906394958, 1.3346021175384521, 1.386714369058609, 1.9207232594490051, 1.5718882083892822, 1.4023119509220123, 1.4317737221717834, 1.3914358019828796, 1.403931885957718, 1.7221351861953735, 1.2408411800861359, 0.16240638494491577, 0.5525704026222229, 0.29086586833000183, 0.30086952447891235, 0.1632869392633438]","[0.4322875738143921, 0.28476014733314514, 0.7631893754005432, 0.6286593079566956, 0.4598678648471832, 0.16730396449565887, 0.40898746252059937, 0.5336446166038513, 0.7760986089706421, 0.5744444131851196, 0.25763964653015137, 0.7016593217849731, 0.3984455466270447, 0.20374128222465515, 0.643944501876831, 0.43177372217178345]"
"[0.19928570091724396, 0.3829709589481354, 0.6058350801467896, 0.5824870467185974, 0.5764740705490112, 0.47814613580703735, 0.4825228452682495, 0.4137630760669708, 1.1272757053375244, 0.16007962822914124, 0.2536742389202118, 1.126285433769226, 0.30856451392173767, 0.7517135143280029, 0.22501878440380096, 0.6147009134292603]","[1.395884782075882, 1.3382287919521332, 1.4254759550094604, 1.890043020248413, 1.7192513942718506, 1.4350365698337555, 1.4268313348293304, 1.3909615278244019, 1.4293820559978485, 1.760260820388794, 1.2461169809103012, 0.17018496990203857, 0.6003619432449341, 0.2731139659881592, 0.29086586833000183, 0.18528342247009277]","[0.43935975432395935, 0.2857295572757721, 0.8281373381614685, 0.5739111304283142, 0.5100238919258118, 0.16007962822914124, 0.40767788887023926, 0.46857181191444397, 0.6813161373138428, 0.6491464972496033, 0.3080463409423828, 0.6790571808815002, 0.40005284547805786, 0.21124307811260223, 0.5673294067382812, 0.4463478922843933]"
"[0.21726953983306885, 0.38875454664230347, 0.5382025241851807, 0.5723136067390442, 0.6803366541862488, 0.6296854019165039, 0.5164926052093506, 0.5083677768707275, 1.0072273015975952, 0.2041015923023224, 0.28548693656921387, 1.186855435371399, 0.33571451902389526, 0.7887518405914307, 0.25084373354911804, 0.664664626121521]","[1.4107936024665833, 1.3854632675647736, 1.454314649105072, 1.8253905773162842, 1.5669066905975342, 1.3578875064849854, 1.3957251906394958, 1.344868540763855, 1.3728297054767609, 1.7494258284568787, 1.2519291043281555, 0.190468430519104, 0.5417678356170654, 0.2998560070991516, 0.3109055459499359, 0.20682218670845032]","[0.4322875738143921, 0.2881655693054199, 0.6762933731079102, 0.6099496483802795, 0.44952118396759033, 0.18022720515727997, 0.38655781745910645, 0.5880033373832703, 0.8184128999710083, 0.5112930536270142, 0.21765126287937164, 0.6678557991981506, 0.39684349298477173, 0.2738149166107178, 0.7354803085327148, 0.42853042483329773]"
"[0.19595855474472046, 0.3540850579738617, 0.5485392808914185, 0.6554928421974182, 0.5944873094558716, 0.4707678258419037, 0.5070070624351501, 0.48448842763900757, 1.0626270771026611, 0.18413051962852478, 0.27171674370765686, 1.1545201539993286, 0.30495283007621765, 0.7478819489479065, 0.22364510595798492, 0.6660881638526917]","[1.3642506301403046, 1.3085645139217377, 1.4649295806884766, 1.8288248777389526, 1.6572847366333008, 1.45271235704422, 1.3639526069164276, 1.3804918825626373, 1.4050690233707428, 1.7815805673599243, 1.2293851673603058, 0.15383870899677277, 0.5594426989555359, 0.30727046728134155, 0.2671041190624237, 0.197178453207016]","[0.4253067374229431, 0.2585281729698181, 0.7094212770462036, 0.656579315662384, 0.5272126793861389, 0.17064402997493744, 0.42210254073143005, 0.5184651613235474, 0.7010286450386047, 0.5938857197761536, 0.260089635848999, 0.7094057202339172, 0.3602443039417267, 0.23200058937072754, 0.639002799987793, 0.48589617013931274]"
"[0.2132975459098816, 0.35002782940864563, 0.5385074019432068, 0.6203812956809998, 0.6506341099739075, 0.5322325825691223, 0.5110976696014404, 0.452001690864563, 0.9930284023284912, 0.19319580495357513, 0.2747519612312317, 1.1950124502182007, 0.3608355224132538, 0.7311981916427612, 0.25258228182792664, 0.6182396411895752]","[1.416417121887207, 1.33627188205719, 1.4352088570594788, 1.8616958856582642, 1.613468587398529, 1.3834372460842133, 1.3832817375659943, 1.3772581219673157, 1.399087816476822, 1.7761645317077637, 1.2313946783542633, 0.16896642744541168, 0.5289154052734375, 0.290373295545578, 0.29086586833000183, 0.21348519623279572]","[0.41674983501434326, 0.2501945197582245, 0.746019184589386, 0.6722818613052368, 0.4474036693572998, 0.18233203887939453, 0.4060457646846771, 0.5800656080245972, 0.7784731984138489, 0.5555822253227234, 0.2433609664440155, 0.7297745943069458, 0.39191049337387085, 0.2450537383556366, 0.6375917196273804, 0.420926958322525]"
"[0.20320190489292145, 0.3696497678756714, 0.5549581050872803, 0.5440179109573364, 0.6482726335525513, 0.6677963137626648, 0.45413637161254883, 0.49517205357551575, 1.067746877670288, 0.19928570091724396, 0.3277197480201721, 1.110835075378418, 0.28792116045951843, 0.7926875948905945, 0.2691712975502014, 0.7259244322776794]","[1.3774116039276123, 1.3804918825626373, 1.5250153541564941, 1.693237066268921, 1.5233221650123596, 1.399891883134842, 1.3679930567741394, 1.364698052406311, 1.3312835097312927, 1.7864230871200562, 1.2745174169540405, 0.17926324903964996, 0.6056131720542908, 0.3114278018474579, 0.30112332105636597, 0.2041015923023224]","[0.44109857082366943, 0.23648706078529358, 0.6461786031723022, 0.6519778966903687, 0.5089517831802368, 0.18071095645427704, 0.38328173756599426, 0.5410533547401428, 0.7468538284301758, 0.5007259249687195, 0.2295854091644287, 0.7762303948402405, 0.3720705509185791, 0.2733474373817444, 0.7513265609741211, 0.4550282061100006]"
"[0.2291850745677948, 0.3485882580280304, 0.5371870994567871, 0.6164965629577637, 0.673881471157074, 0.5924656391143799, 0.47740429639816284, 0.506327748298645, 1.088363528251648, 0.1797446310520172, 0.29383647441864014, 1.1953529119491577, 0.30418360233306885, 0.7831704616546631, 0.23382675647735596, 0.6605837345123291]","[1.4018269777297974, 1.3533577024936676, 1.4145910143852234, 1.8571911454200745, 1.5177741050720215, 1.3774116039276123, 1.4192520678043365, 1.3954061567783356, 1.393655151128769, 1.7180155515670776, 1.2536742389202118, 0.16805775463581085, 0.5620625019073486, 0.28939029574394226, 0.33073312044143677, 0.1754542887210846]","[0.4280201494693756, 0.2530185282230377, 0.7069125175476074, 0.6763983964920044, 0.4707678258419037, 0.1882782280445099, 0.39286136627197266, 0.5494675636291504, 0.8084917068481445, 0.5311251282691956, 0.2519291043281555, 0.7530690431594849, 0.37679800391197205, 0.22898511588573456, 0.6579906344413757, 0.44828498363494873]"
"[0.21918416023254395, 0.37419945001602173, 0.5528814196586609, 0.5659564733505249, 0.6659397482872009, 0.6700290441513062, 0.4694858193397522, 0.5115863084793091, 1.0971267223358154, 0.190468430519104, 0.32812929153442383, 1.1478430032730103, 0.31470903754234314, 0.7795961499214172, 0.25609108805656433, 0.7086617946624756]","[1.4071877002716064, 1.375573307275772, 1.4731559753417969, 1.7471107244491577, 1.4970817863941193, 1.3725259006023407, 1.3986060321331024, 1.390172153711319, 1.3488757908344269, 1.7230773568153381, 1.2719491720199585, 0.17467014491558075, 0.5916475057601929, 0.30112332105636597, 0.326221764087677, 0.1942276656627655]","[0.44476789236068726, 0.24357199668884277, 0.6504005789756775, 0.6639388203620911, 0.47749701142311096, 0.18429483473300934, 0.395246684551239, 0.5463778972625732, 0.8016071319580078, 0.48957133293151855, 0.23525592684745789, 0.7852935791015625, 0.38483893871307373, 0.2580835819244385, 0.7053360342979431, 0.4740769863128662]"
"[0.22364510595798492, 0.3617238402366638, 0.5711442232131958, 0.6102842092514038, 0.6256451606750488, 0.5326356887817383, 0.49794304370880127, 0.47536876797676086, 1.0626270771026611, 0.16138462722301483, 0.2731139659881592, 1.1783896684646606, 0.3252715468406677, 0.7542644739151001, 0.21746034920215607, 0.6267244815826416]","[1.4029592871665955, 1.3329392969608307, 1.386714369058609, 1.873591423034668, 1.5693403482437134, 1.4098075926303864, 1.4174159169197083, 1.3843712508678436, 1.3976438641548157, 1.7068815231323242, 1.236281469464302, 0.15721441805362701, 0.5631129741668701, 0.27710679173469543, 0.30598101019859314, 0.16805775463581085]","[0.44757983088493347, 0.2728806436061859, 0.7308183908462524, 0.6471959352493286, 0.45860928297042847, 0.17202794551849365, 0.42378655076026917, 0.5468919277191162, 0.7754398584365845, 0.567435085773468, 0.2738149166107178, 0.7470144033432007, 0.4137630760669708, 0.20554853975772858, 0.6111768484115601, 0.4814957082271576]"
"[0.20248474180698395, 0.3920688331127167, 0.6108419895172119, 0.5861603021621704, 0.6207199692726135, 0.49023324251174927, 0.48796671628952026, 0.4324590265750885, 1.1003822088241577, 0.1556588113307953, 0.24933117628097534, 1.1639026403427124, 0.32690194249153137, 0.7531658411026001, 0.22620218992233276, 0.5918110609054565]","[1.4126062393188477, 1.3371094167232513, 1.4098075926303864, 1.8762964010238647, 1.6825985312461853, 1.4034453332424164, 1.42446169257164, 1.3938140869140625, 1.4352088570594788, 1.7593511939048767, 1.2400064021348953, 0.16805775463581085, 0.5742310881614685, 0.25986605882644653, 0.29658243060112, 0.1861109435558319]","[0.4229438602924347, 0.27592718601226807, 0.8089656233787537, 0.6000864505767822, 0.4801909327507019, 0.1592150628566742, 0.42513763904571533, 0.49517205357551575, 0.7245078086853027, 0.6315124034881592, 0.2896358072757721, 0.6761733889579773, 0.4065348505973816, 0.20591169595718384, 0.5729522109031677, 0.4412727653980255]"
"[0.21461425721645355, 0.38328173756599426, 0.5513277053833008, 0.573591411113739, 0.711159348487854, 0.54802405834198, 0.5327365398406982, 0.4950766861438751, 1.023106336593628, 0.1821693480014801, 0.277343213558197, 1.1716398000717163, 0.3524864912033081, 0.7373253107070923, 0.24188825488090515, 0.6026241779327393]","[1.4116167426109314, 1.359653890132904, 1.4060457646846771, 1.8535420894622803, 1.5694463849067688, 1.3555435538291931, 1.400697261095047, 1.3804918825626373, 1.3771047294139862, 1.7175466418266296, 1.2277887463569641, 0.1668531745672226, 0.4786102771759033, 0.2806718349456787, 0.2735810875892639, 0.20105727016925812]","[0.4346921741962433, 0.2517116665840149, 0.6773589253425598, 0.6534115672111511, 0.43555358052253723, 0.17110419273376465, 0.41409409046173096, 0.6034533977508545, 0.8384898900985718, 0.5468919277191162, 0.23648706078529358, 0.7206452488899231, 0.43641626834869385, 0.2473982572555542, 0.6826211810112, 0.4421444833278656]"
"[0.21161527931690216, 0.3490196168422699, 0.5388123989105225, 0.6147570013999939, 0.6327993273735046, 0.5615378022193909, 0.5079786777496338, 0.4830837845802307, 1.0140595436096191, 0.1715654879808426, 0.2911124527454376, 1.169618844985962, 0.3201538920402527, 0.7745840549468994, 0.22620218992233276, 0.6674842238426208]","[1.398766577243805, 1.3401952683925629, 1.4321162700653076, 1.8134425282478333, 1.5438131093978882, 1.4155862927436829, 1.3694989085197449, 1.3661927580833435, 1.3732858300209045, 1.7192670106887817, 1.2246255576610565, 0.15622283518314362, 0.5601752996444702, 0.2911124527454376, 0.29783785343170166, 0.18151985108852386]","[0.4587889313697815, 0.2671041190624237, 0.6395793557167053, 0.67159503698349, 0.480377197265625, 0.17703227698802948, 0.4116167426109314, 0.5851863026618958, 0.7514232993125916, 0.5231232643127441, 0.24976252019405365, 0.7582476139068604, 0.38702771067619324, 0.22462555766105652, 0.6458300352096558, 0.5149186849594116]"
"[0.20554853975772858, 0.38969916105270386, 0.5550620555877686, 0.5837815999984741, 0.6655689477920532, 0.5360718369483948, 0.4916539490222931, 0.5241184830665588, 1.0938764810562134, 0.17846353352069855, 0.2666466236114502, 1.1739999055862427, 0.31563302874565125, 0.760260820388794, 0.20883798599243164, 0.6317411065101624]","[1.3699516654014587, 1.3127368092536926, 1.3868710398674011, 1.871175765991211, 1.54360830783844, 1.398766577243805, 1.3925442099571228, 1.3766447603702545, 1.3895415961742401, 1.7254205346107483, 1.2246255576610565, 0.1541174352169037, 0.5340485572814941, 0.28939029574394226, 0.2766343951225281, 0.17018496990203857]","[0.4493444561958313, 0.2719491720199585, 0.6724163293838501, 0.6476322412490845, 0.452001690864563, 0.1632869392633438, 0.4312603175640106, 0.5539190173149109, 0.804032564163208, 0.547818124294281, 0.23200058937072754, 0.6968446969985962, 0.39270275831222534, 0.20976009964942932, 0.6699544787406921, 0.4493444561958313]"
"[0.21423731744289398, 0.3726777732372284, 0.5422785878181458, 0.5665898323059082, 0.7183439135551453, 0.5401357412338257, 0.5239193439483643, 0.5029416084289551, 1.037550926208496, 0.1942276656627655, 0.26550593972206116, 1.1475096940994263, 0.3284025490283966, 0.7654070854187012, 0.2467568814754486, 0.6292291879653931]","[1.404581367969513, 1.3664922714233398, 1.4355535805225372, 1.8608500957489014, 1.5958012342453003, 1.3561283349990845, 1.3923856914043427, 1.3698006868362427, 1.381884753704071, 1.7622123956680298, 1.236281469464302, 0.17687387764453888, 0.4988054037094116, 0.2968331575393677, 0.27900320291519165, 0.2044624537229538]","[0.41475674510002136, 0.2574179172515869, 0.7146441340446472, 0.6374190449714661, 0.45111456513404846, 0.1715654879808426, 0.3911195695400238, 0.5790454149246216, 0.8126273155212402, 0.5413594245910645, 0.2277887463569641, 0.6762033700942993, 0.4034453332424164, 0.25631183385849, 0.7095608711242676, 0.4066980183124542]"
"[0.21050040423870087, 0.4227755069732666, 0.5324341058731079, 0.5860520005226135, 0.6841472387313843, 0.6493213772773743, 0.5093414783477783, 0.5547501444816589, 1.0038212537765503, 0.20500484108924866, 0.2728806436061859, 1.156192660331726, 0.33571451902389526, 0.8074768781661987, 0.2444177269935608, 0.681180477142334]","[1.4052316844463348, 1.3947686851024628, 1.4410985708236694, 1.8150063753128052, 1.541257381439209, 1.3485882580280304, 1.4239552319049835, 1.3417470753192902, 1.368594765663147, 1.7235958576202393, 1.2698634266853333, 0.19148707389831543, 0.5766345262527466, 0.3090834319591522, 0.3293605148792267, 0.18331104516983032]","[0.4507600665092468, 0.3088238537311554, 0.6762333512306213, 0.5908846855163574, 0.4472275376319885, 0.18119588494300842, 0.38938409090042114, 0.5922474265098572, 0.8382127285003662, 0.5057460069656372, 0.21822497248649597, 0.650108814239502, 0.42564523220062256, 0.27404892444610596, 0.7318314909934998, 0.4346921741962433]"
"[0.2044624537229538, 0.3368300199508667, 0.542176365852356, 0.6566086411476135, 0.6602296829223633, 0.4756459593772888, 0.5184651613235474, 0.4654744863510132, 0.9896503686904907, 0.19097712635993958, 0.26278555393218994, 1.1716398000717163, 0.31602975726127625, 0.7613012194633484, 0.2565326988697052, 0.6497587561607361]","[1.410300374031067, 1.3145772218704224, 1.4760157465934753, 1.8147342801094055, 1.6606722474098206, 1.4094793498516083, 1.354667842388153, 1.3667920231819153, 1.4002138674259186, 1.8339245319366455, 1.2271926254034042, 0.16550752520561218, 0.5168866515159607, 0.29658243060112, 0.2571963667869568, 0.22150158882141113]","[0.39476868510246277, 0.23689872026443481, 0.7203161716461182, 0.6706252694129944, 0.5261131525039673, 0.1748267114162445, 0.3950873017311096, 0.5591289401054382, 0.7216174602508545, 0.5695524215698242, 0.23546071350574493, 0.690891444683075, 0.3620203733444214, 0.24933117628097534, 0.6513350009918213, 0.4205915629863739]"
"[0.21348519623279572, 0.3546678423881531, 0.5349583029747009, 0.6095595955848694, 0.6474286317825317, 0.5477151274681091, 0.506327748298645, 0.4882495701313019, 1.0328280925750732, 0.19752824306488037, 0.2821089029312134, 1.2083293199539185, 0.3323866128921509, 0.7692657113075256, 0.2342343032360077, 0.6677368879318237]","[1.3895415961742401, 1.3250004649162292, 1.444417417049408, 1.8355828523635864, 1.567646563053131, 1.400374948978424, 1.3636547923088074, 1.3704048693180084, 1.3834372460842133, 1.763319730758667, 1.233826756477356, 0.16343410313129425, 0.548848569393158, 0.30443981289863586, 0.293091356754303, 0.20016969740390778]","[0.4334885776042938, 0.26733312010765076, 0.6944994926452637, 0.6659546494483948, 0.46438515186309814, 0.174045130610466, 0.4131017029285431, 0.5661675333976746, 0.7714951038360596, 0.5321317911148071, 0.23018710315227509, 0.7104916572570801, 0.3638036549091339, 0.23403044044971466, 0.6662365794181824, 0.44494324922561646]"
"[0.22838623821735382, 0.368293821811676, 0.5795822143554688, 0.61492520570755, 0.6400408744812012, 0.5125647187232971, 0.4827097952365875, 0.5045841336250305, 1.1069087982177734, 0.17095068097114563, 0.24462959170341492, 1.1622241735458374, 0.3046962022781372, 0.7701175808906555, 0.2159382551908493, 0.6346328854560852]","[1.4021502137184143, 1.3223003149032593, 1.3914358019828796, 1.90668523311615, 1.595910906791687, 1.412276178598404, 1.4374533295631409, 1.3922272324562073, 1.416417121887207, 1.730976641178131, 1.2501945197582245, 0.16461598873138428, 0.5745511054992676, 0.2943340837955475, 0.3109055459499359, 0.1632869392633438]","[0.42193442583084106, 0.2835523784160614, 0.8234713077545166, 0.642959713935852, 0.4842072129249573, 0.16896642744541168, 0.40898746252059937, 0.5116840600967407, 0.7734658718109131, 0.5939950346946716, 0.278290718793869, 0.68918776512146, 0.3876549005508423, 0.20500484108924866, 0.6114559769630432, 0.43555358052253723]"
"[0.21031510829925537, 0.35161706805229187, 0.5512242317199707, 0.6486803293228149, 0.6533237099647522, 0.5155084729194641, 0.5210380554199219, 0.4794465899467468, 0.9905710220336914, 0.1791030317544937, 0.27995565533638, 1.2042237520217896, 0.3450109660625458, 0.7450248599052429, 0.23119302093982697, 0.6592568159103394]","[1.3974836766719818, 1.315236747264862, 1.4256452322006226, 1.8194365501403809, 1.5838895440101624, 1.3974836766719818, 1.3667920231819153, 1.3738946914672852, 1.400374948978424, 1.7564324140548706, 1.2256098091602325, 0.15217609703540802, 0.5379993319511414, 0.2857295572757721, 0.28548693656921387, 0.19999262690544128]","[0.42649218440055847, 0.2504107654094696, 0.6863687038421631, 0.6771036982536316, 0.46802404522895813, 0.17079728841781616, 0.43194496631622314, 0.5744444131851196, 0.7872209548950195, 0.5559986233711243, 0.24230822920799255, 0.7263655066490173, 0.3786412477493286, 0.22739119827747345, 0.6225848197937012, 0.47472256422042847]"
"[0.2165079116821289, 0.3626140058040619, 0.5483331680297852, 0.6266108751296997, 0.6675733923912048, 0.5445302724838257, 0.5024592876434326, 0.4996689558029175, 1.0224809646606445, 0.1735777109861374, 0.27995565533638, 1.203881859779358, 0.3256784975528717, 0.7695932984352112, 0.22482208907604218, 0.6553460955619812]","[1.3906456232070923, 1.319886475801468, 1.4011811017990112, 1.8333722949028015, 1.536173164844513, 1.3890691995620728, 1.3868710398674011, 1.3741994500160217, 1.3896991610527039, 1.7289844751358032, 1.2332166135311127, 0.15369951725006104, 0.5405434370040894, 0.27971726655960083, 0.29658243060112, 0.1789429634809494]","[0.44231900572776794, 0.2585281729698181, 0.6731187105178833, 0.6651982069015503, 0.4609488844871521, 0.17018496990203857, 0.42836031317710876, 0.5767415165901184, 0.8103883266448975, 0.5381008982658386, 0.23875902593135834, 0.7258614897727966, 0.3889118432998657, 0.21765126287937164, 0.640618085861206, 0.46784156560897827]"
"[0.219761461019516, 0.3635059595108032, 0.5690224766731262, 0.6086130142211914, 0.6311123967170715, 0.5260133147239685, 0.4987095594406128, 0.4832708537578583, 1.065185308456421, 0.16094854474067688, 0.2703257203102112, 1.1699556112289429, 0.3214939832687378, 0.7555582523345947, 0.21480295062065125, 0.626554012298584]","[1.3978041112422943, 1.3304581940174103, 1.386714369058609, 1.874302864074707, 1.567117989063263, 1.410300374031067, 1.4098075926303864, 1.3792572915554047, 1.3939730525016785, 1.707546889781952, 1.233013540506363, 0.15495643019676208, 0.5604895353317261, 0.27852803468704224, 0.29960310459136963, 0.16610436141490936]","[0.4493444561958313, 0.26986342668533325, 0.7224648594856262, 0.6458881497383118, 0.4591483473777771, 0.16911828517913818, 0.42328080534935, 0.5529850721359253, 0.7766258716583252, 0.565112829208374, 0.26894089579582214, 0.7408968210220337, 0.4137630760669708, 0.2041015923023224, 0.612126350402832, 0.47629314661026]"
